<?xml version="1.0" encoding="UTF-8"?>
<Configuration status="ERROR" monitorInterval="30">
	<Appenders>
		<Console name="LogToConsole" target="SYSTEM_OUT">
			<PatternLayout
				pattern="%d{HH:mm:ss.SSS} [%t] %-5level %logger{36} - %msg%n" />
		</Console>
		<RollingFile name="FileAppender"
			fileName="translator.log"
			filePattern="translator-%d{yyyy-MM-dd}-%i.log">
			<PatternLayout pattern="%d %p %c{1.} [%t] %m%n" />
			<Policies>
				<TimeBasedTriggeringPolicy interval="1"
					modulate="true" />
			</Policies>
		</RollingFile>
	</Appenders>

	<Loggers>

		<Logger name="com.italent.translator" level="info"
			additivity="false">
			<AppenderRef ref="FileAppender" />
			<AppenderRef ref="LogToConsole" />
		</Logger>
		<Logger name="com.microsoft.azure" level="error"
			additivity="false">
			<AppenderRef ref="LogToConsole" />
		</Logger>

		<Root level="info">
			<AppenderRef ref="LogToConsole" />
			<AppenderRef ref="FileAppender" />
		</Root>
	</Loggers>
</Configuration>